{
  "project": "02_supply_chain_csat",
  "task": "binary classification (review_score>=4)",
  "n_train": 57811,
  "n_val": 19271,
  "n_test": 19271,
  "positive_rate_train": 0.7892442614727301,
  "results": {
    "logreg": {
      "val": {
        "roc_auc": 0.7481277201211455,
        "pr_auc": 0.9000168732996855,
        "f1_pos": 0.793158428757791,
        "f1_macro": 0.635844699487611,
        "balanced_acc": 0.6821651070903463
      },
      "test": {
        "roc_auc": 0.7488329681754946,
        "pr_auc": 0.8983684381666601,
        "f1_pos": 0.7930422177930785,
        "f1_macro": 0.6356733880597804,
        "balanced_acc": 0.6820319677838667
      }
    },
    "rf": {
      "val": {
        "roc_auc": 0.7482484732099237,
        "pr_auc": 0.8970965863076908,
        "f1_pos": 0.8592612207070038,
        "f1_macro": 0.6744085215179677,
        "balanced_acc": 0.6777057570313827
      },
      "test": {
        "roc_auc": 0.7484089285341344,
        "pr_auc": 0.8964257446861299,
        "f1_pos": 0.8606833652765845,
        "f1_macro": 0.675752310657616,
        "balanced_acc": 0.6782911924512136
      }
    },
    "xgb_baseline": {
      "val": {
        "roc_auc": 0.7433882585070469,
        "pr_auc": 0.8946121500053955,
        "f1_pos": 0.8287716149518517,
        "f1_macro": 0.655163318187599,
        "balanced_acc": 0.6783046421728253
      },
      "test": {
        "roc_auc": 0.7419481603767399,
        "pr_auc": 0.8939301614932231,
        "f1_pos": 0.8300964187327824,
        "f1_macro": 0.6554186576930593,
        "balanced_acc": 0.677431116628548
      }
    },
    "xgb_tuned": {
      "val": {
        "roc_auc": 0.7355712603634396,
        "pr_auc": 0.8919210823463501,
        "f1_pos": 0.8462287267966836,
        "f1_macro": 0.6613728481429424,
        "balanced_acc": 0.6710397656755558
      },
      "test": {
        "roc_auc": 0.7358080284860351,
        "pr_auc": 0.890989900144441,
        "f1_pos": 0.8471952282018631,
        "f1_macro": 0.6615286485836902,
        "balanced_acc": 0.6704123150877456
      }
    },
    "rf_top_features": [
      [
        "delivery_days",
        0.22790366972140685
      ],
      [
        "has_comment",
        0.18187225378769245
      ],
      [
        "late_flag",
        0.14933271496694664
      ],
      [
        "estimated_days",
        0.06820657991467688
      ],
      [
        "items_freight_sum",
        0.06339835091120995
      ],
      [
        "freight_ratio",
        0.05624589603998499
      ],
      [
        "items_price_sum",
        0.05395836654294038
      ],
      [
        "hour_purchase",
        0.03711916883366256
      ],
      [
        "month_purchase",
        0.03495005841638798
      ],
      [
        "items_count",
        0.03485969887705854
      ],
      [
        "weekday_purchase",
        0.024306003131000443
      ],
      [
        "n_unique_sellers",
        0.01466478072213312
      ],
      [
        "n_unique_products",
        0.01425006612254297
      ],
      [
        "customer_state_SP",
        0.006257002767322923
      ],
      [
        "customer_state_RJ",
        0.005271436292479999
      ]
    ]
  }
}